[{
    "name": "first-1",
    "href": "#"
}, {
    "name": "first-2",
    "href": "#"
}, {
    "name": "first-3",
    "href": "#",
    "children": [{
        "name": "second-1",
        "href": "#"
    }, {
        "name": "second-2",
        "href": "#"
    }, {
        "name": "second-3",
        "href": "#"
    }]
}, {
    "name": "first-4",
    "href": "#",
    "children": [{
        "name": "second-4",
        "href": "#"
    }, {
        "name": "second-5",
        "href": "#",
        "children": [{
            "name": "third-1",
            "href": "#"
        }]
    }, {
        "name": "second-6",
        "href": "#"
    }]
}]
